{
  "aioExportProfiles": [
    {
      "name": "Krish#5446",
      "email": "Coolestguy11123@gmail.com",
      "phone": "6134150907",
      "cardHolder": "Daxesh Thakker",
      "cardNum": "372755127851029",
      "cvv": "8382",
      "expmonth": "03",
      "expyear": "2026",
      "isQuickProfile": false,
      "isOneCheckout": false,
      "isBillingSameAsShipping": true,
      "shipping": {
        "firstName": "Daxesh",
        "lastName": "Thakker",
        "address1": "545 Honeylocust ave",
        "address2": "Unit 1104",
        "state": {
          "short": "ON",
          "long": "Ontario"
        },
        "city": "Ottawa",
        "country": {
          "short": "CA",
          "long": "Canada"
        },
        "zip": "K2V0L8"
      },
      "billing": {
        "firstName": "Daxesh",
        "lastName": "Thakker",
        "address1": "545 Honeylocust ave",
        "address2": "Unit 1104",
        "state": {
          "short": "ON",
          "long": "Ontario"
        },
        "city": "Ottawa",
        "country": {
          "short": "CA",
          "long": "Canada"
        },
        "zip": "K2V0L8"
      },
      "key": "5b6f0b4c-3b88-4a78-a0ea-053b0aa715ae"
    },
    {
      "name": "Fadfoud#7913",
      "email": "fadfoudf@gmail.com",
      "phone": "5147462855",
      "cardHolder": "Fadi Kabakibi",
      "cardNum": "372754359591007",
      "cvv": "7358",
      "expmonth": "09",
      "expyear": "2025",
      "isQuickProfile": false,
      "isOneCheckout": false,
      "isBillingSameAsShipping": true,
      "shipping": {
        "firstName": "Fadi",
        "lastName": "Kabakibi",
        "address1": "855 Rue Joseph Tasse",
        "address2": "",
        "state": {
          "short": "QC",
          "long": "Quebec"
        },
        "city": "Laval",
        "country": {
          "short": "CA",
          "long": "Canada"
        },
        "zip": "H7X3L3"
      },
      "billing": {
        "firstName": "Fadi",
        "lastName": "Kabakibi",
        "address1": "855 Rue Joseph Tasse",
        "address2": "",
        "state": {
          "short": "QC",
          "long": "Quebec"
        },
        "city": "Laval",
        "country": {
          "short": "CA",
          "long": "Canada"
        },
        "zip": "H7X3L3"
      },
      "key": "d888dac0-a601-49aa-8175-0415ae7f28f0"
    },
    {
      "name": "yungjulioo#3954",
      "email": "nickjulio7@yahoo.ca",
      "phone": "2044858809",
      "cardHolder": "Nickolas Frias",
      "cardNum": "372753814931006",
      "cvv": "2034",
      "expmonth": "03",
      "expyear": "2025",
      "isQuickProfile": false,
      "isOneCheckout": false,
      "isBillingSameAsShipping": true,
      "shipping": {
        "firstName": "Nickolas",
        "lastName": "Frias",
        "address1": "629 Manchester ave",
        "address2": "",
        "state": {
          "short": "MB",
          "long": "Manitoba"
        },
        "city": "Selkirk",
        "country": {
          "short": "CA",
          "long": "Canada"
        },
        "zip": "R1a2b8"
      },
      "billing": {
        "firstName": "Nickolas",
        "lastName": "Frias",
        "address1": "629 Manchester ave",
        "address2": "",
        "state": {
          "short": "MB",
          "long": "Manitoba"
        },
        "city": "Selkirk",
        "country": {
          "short": "CA",
          "long": "Canada"
        },
        "zip": "R1a2b8"
      },
      "key": "61530e62-ea03-46bf-a35f-695e3f809eba"
    },
    {
      "name": "Harry123#5179",
      "email": "laladada333@hotmail.com",
      "phone": "4039038123",
      "cardHolder": "Harkirat Khamba",
      "cardNum": "4510156023026029",
      "cvv": "018",
      "expmonth": "03",
      "expyear": "2024",
      "isQuickProfile": false,
      "isOneCheckout": false,
      "isBillingSameAsShipping": true,
      "shipping": {
        "firstName": "Harkirat",
        "lastName": "Khamba",
        "address1": "228 Pinetree Road NE",
        "address2": "",
        "state": {
          "short": "AB",
          "long": "Alberta"
        },
        "city": "Calgary",
        "country": {
          "short": "CA",
          "long": "Canada"
        },
        "zip": "T1Y1K3"
      },
      "billing": {
        "firstName": "Harkirat",
        "lastName": "Khamba",
        "address1": "228 Pinetree Road NE",
        "address2": "",
        "state": {
          "short": "AB",
          "long": "Alberta"
        },
        "city": "Calgary",
        "country": {
          "short": "CA",
          "long": "Canada"
        },
        "zip": "T1Y1K3"
      },
      "key": "243312ac-cbb0-4d8c-81ac-01148a2a087b"
    },
    {
      "name": "Bang#0001",
      "email": "braydendang17@gmail.com",
      "phone": "6475738088",
      "cardHolder": "Brayden Dang",
      "cardNum": "4724090196221400",
      "cvv": "578",
      "expmonth": "02",
      "expyear": "2025",
      "isQuickProfile": false,
      "isOneCheckout": false,
      "isBillingSameAsShipping": true,
      "shipping": {
        "firstName": "Brayden",
        "lastName": "Dang",
        "address1": "9 Cardell Avenue",
        "address2": "",
        "state": {
          "short": "ON",
          "long": "Ontario"
        },
        "city": "North York",
        "country": {
          "short": "CA",
          "long": "Canada"
        },
        "zip": "M9N1S4"
      },
      "billing": {
        "firstName": "Brayden",
        "lastName": "Dang",
        "address1": "9 Cardell Avenue",
        "address2": "",
        "state": {
          "short": "ON",
          "long": "Ontario"
        },
        "city": "North York",
        "country": {
          "short": "CA",
          "long": "Canada"
        },
        "zip": "M9N1S4"
      },
      "key": "6583daa5-a2e5-41f7-a694-1a65670495e4"
    }
  ]
}